ODS_CODE,Trust_Name,NHS_Region,ICB_Name,Total_Cost_GBP,Total_Qty_mL,Total_Vials,Months_Active,First_Month,Last_Month,Trust_Postcode,Avg_Monthly_Cost,Cost_Rank
RRK,Unknown Trust,Midlands,Unknown ICB,9418003.03,1190064.0,73532.0,82,2019-04-01,2026-01-01,B15 2TH,114854.0,1
R0A,Manchester University NHS Foundation Trust,North West,Unknown ICB,7487625.14,933800.5,59910.2,82,2019-04-01,2026-01-01,M13 9WL,91313.0,2
RTH,Unknown Trust,South East,Unknown ICB,6868725.57,878604.0,49934.0,82,2019-04-01,2026-01-01,OX3 9DU,83765.0,3
RYJ,IMPERIAL COLLEGE HEALTHCARE NHS TRUST,London,Unknown ICB,5760761.88,713672.0,45653.0,82,2019-04-01,2026-01-01,W2 1BL,70253.0,4
RDU,Unknown Trust,South East,Unknown ICB,5668256.99,711960.0,41931.0,82,2019-04-01,2026-01-01,GU14 0AS,69125.0,5
RJZ,King's College Hospital NHS Foundation Trust,London,Unknown ICB,5464325.13,689783.16,40549.9,82,2019-04-01,2026-01-01,SE5 9RS,66638.0,6
RJ1,Unknown Trust,London,Unknown ICB,5394236.39,669920.0,43778.3,82,2019-04-01,2026-01-01,SE1 7EH,65783.0,7
RTG,Unknown Trust,Midlands,Unknown ICB,4937098.61,617688.0,37361.0,82,2019-04-01,2026-01-01,DE22 3NE,60209.0,8
RJ2,LEWISHAM AND GREENWICH NHS TRUST,London,Unknown ICB,4855595.07,607850.0,36303.0,82,2019-04-01,2026-01-01,SE13 6LH,59215.0,9
R1K,LONDON NORTH WEST UNIVERSITY HEALTHCARE NHS TRUST,London,Unknown ICB,4697823.89,592694.0,34414.0,82,2019-04-01,2026-01-01,HA1 3UJ,57291.0,10
RX1,NOTTINGHAM UNIVERSITY HOSPITALS NHS TRUST,Midlands,Unknown ICB,4519632.3,566112.0,34678.0,82,2019-04-01,2026-01-01,NG7 2UH,55117.0,11
RXL,Unknown Trust,North West,Unknown ICB,4137412.3,519870.0,30672.0,82,2019-04-01,2026-01-01,FY2 0JH,50456.0,12
RM1,Unknown Trust,London,Unknown ICB,4135799.25,510174.0,32525.0,82,2019-04-01,2026-01-01,CR7 7YE,50437.0,13
RQM,Unknown Trust,London,Unknown ICB,3931359.67,497296.0,28694.0,82,2019-04-01,2026-01-01,SW3 6NP,47943.0,14
RDE,Unknown Trust,East of England,Unknown ICB,3928451.37,501180.0,29777.0,82,2019-04-01,2026-01-01,CO4 5JL,47908.0,15
RAJ,Unknown Trust,East of England,Unknown ICB,3684689.14,451344.0,29475.0,82,2019-04-01,2026-01-01,SS0 0RY,44935.0,16
REM,Unknown Trust,South East,Unknown ICB,3580572.13,452283.0,26243.1,82,2019-04-01,2026-01-01,RG12 8RS,43666.0,17
RK9,UNIVERSITY HOSPITALS PLYMOUTH NHS TRUST,South West,Unknown ICB,3556194.32,446640.0,27798.0,82,2019-04-01,2026-01-01,PL6 8DH,43368.0,18
RHQ,Unknown Trust,North East & Yorkshire,Unknown ICB,3417364.03,428698.0,25591.0,82,2019-04-01,2026-01-01,S10 2JF,41675.0,19
RKB,UNIVERSITY HOSPITALS COVENTRY AND WARWICKSHIRE NHS TRUST,Midlands,Unknown ICB,3223605.83,412054.0,23048.0,82,2019-04-01,2026-01-01,CV2 2DX,39312.0,20
RXK,SANDWELL AND WEST BIRMINGHAM HOSPITALS NHS TRUST,Midlands,Unknown ICB,3140065.21,398290.0,22723.0,82,2019-04-01,2026-01-01,B66 2QT,38293.0,21
R1H,BARTS HEALTH NHS TRUST,London,Unknown ICB,2805591.97,330362.0,24668.0,82,2019-04-01,2026-01-01,E1 2ES,34215.0,22
RCX,Unknown Trust,North West,Unknown ICB,2749054.0,341634.0,26115.0,82,2019-04-01,2026-01-01,CH63 4JY,33525.0,23
RH5,Somerset NHS Foundation Trust,South West,Unknown ICB,2748738.57,356752.0,18547.0,82,2019-04-01,2026-01-01,TA1 5DA,33521.0,24
REF,ROYAL CORNWALL HOSPITALS NHS TRUST,South West,Unknown ICB,2701672.32,341180.0,20516.0,82,2019-04-01,2026-01-01,TR1 3LJ,32947.0,25
RN7,DARTFORD AND GRAVESHAM NHS TRUST,London,Unknown ICB,2634794.44,337640.0,18598.0,82,2019-04-01,2026-01-01,DA2 8DA,32132.0,26
RNS,NORTHAMPTON GENERAL HOSPITAL NHS TRUST,Midlands,Unknown ICB,2629033.76,341234.0,17846.0,82,2019-04-01,2026-01-01,NN1 5BD,32061.0,27
RTX,University Hospitals of Morecambe Bay NHS Foundation Trust,North West,Unknown ICB,2566173.78,319660.0,19500.0,82,2019-04-01,2026-01-01,LA14 4LF,31295.0,28
RXR,EAST LANCASHIRE HOSPITALS NHS TRUST,North West,Unknown ICB,2553056.87,320852.0,19682.0,82,2019-04-01,2026-01-01,BB2 3HH,31135.0,29
RL4,THE ROYAL WOLVERHAMPTON NHS TRUST,Midlands,Unknown ICB,2528611.71,299276.0,22286.0,82,2019-04-01,2026-01-01,WV10 0QP,30837.0,30
RXW,THE SHREWSBURY AND TELFORD HOSPITAL NHS TRUST,North East & Yorkshire,Unknown ICB,2491944.99,317804.0,17762.0,82,2019-04-01,2026-01-01,SY3 8XQ,30390.0,31
RWY,Calderdale and Huddersfield NHS Foundation Trust,North East & Yorkshire,Unknown ICB,2479742.64,313790.0,18337.0,82,2019-04-01,2026-01-01,HX3 0PW,30241.0,32
RPA,Unknown Trust,London,Unknown ICB,2475302.27,317440.0,17454.0,82,2019-04-01,2026-01-01,RM7 0AG,30187.0,33
RXN,Unknown Trust,North West,Unknown ICB,2462297.25,315228.0,17668.0,82,2019-04-01,2026-01-01,PR2 9HT,30028.0,34
RVJ,NORTH BRISTOL NHS TRUST,South West,Unknown ICB,2435136.08,307220.0,19516.0,82,2019-04-01,2026-01-01,BS10 5NB,29697.0,35
RC9,Unknown Trust,South East,Unknown ICB,2415554.38,305672.0,17946.0,82,2019-04-01,2026-01-01,ME20 7NH,29458.0,36
RQX,Homerton Healthcare NHS Foundation Trust,London,Unknown ICB,2343971.9,306520.0,15597.0,82,2019-04-01,2026-01-01,E9 6SR,28585.0,37
RRV,Unknown Trust,London,Unknown ICB,2294691.55,286690.0,17164.0,74,2019-12-01,2026-01-01,W12 0HS,31009.0,38
RWJ,Unknown Trust,London,Unknown ICB,2279002.49,282430.0,17574.0,82,2019-04-01,2026-01-01,SE5 9RS,27793.0,39
RWP,WORCESTERSHIRE ACUTE HOSPITALS NHS TRUST,Midlands,Unknown ICB,2256248.07,282112.0,16918.0,82,2019-04-01,2026-01-01,WR5 1DD,27515.0,40
RGN,Unknown Trust,London,Unknown ICB,2181548.52,262028.0,19631.0,82,2019-04-01,2026-01-01,WC1N 3BG,26604.0,41
RJ7,Unknown Trust,London,Unknown ICB,2125153.17,267774.0,16385.0,82,2019-04-01,2026-01-01,SM5 1AA,25917.0,42
RJR,Unknown Trust,North West,Unknown ICB,2105780.7,261068.0,16418.0,82,2019-04-01,2026-01-01,CW1 4QJ,25680.0,43
RMC,Unknown Trust,North West,Unknown ICB,2090460.4,264664.0,15258.0,82,2019-04-01,2026-01-01,BL4 0JR,25493.0,44
RAL,Unknown Trust,London,Unknown ICB,2027708.27,254620.0,15067.0,82,2019-04-01,2026-01-01,NW3 2QG,24728.0,45
RTD,Unknown Trust,North East & Yorkshire,Unknown ICB,1981277.01,247598.0,15903.0,82,2019-04-01,2026-01-01,NE1 4LP,24162.0,46
RVR,EPSOM AND ST HELIER UNIVERSITY HOSPITALS NHS TRUST,London,Unknown ICB,1969059.25,241574.0,16048.0,82,2019-04-01,2026-01-01,SM5 1AA,24013.0,47
RTF,Unknown Trust,North West,Unknown ICB,1961678.77,237392.0,16625.0,77,2019-04-01,2025-12-01,WN1 2NN,25476.0,48
RNQ,Unknown Trust,Midlands,Unknown ICB,1907214.33,247480.0,12972.0,82,2019-04-01,2026-01-01,NN15 6UD,23259.0,49
RR8,LEEDS TEACHING HOSPITALS NHS TRUST,North East & Yorkshire,Unknown ICB,1901904.04,235434.0,15960.0,82,2019-04-01,2026-01-01,LS9 7TF,23194.0,50
RLT,GEORGE ELIOT HOSPITAL NHS TRUST,Midlands,Unknown ICB,1842454.01,229936.0,13882.0,82,2019-04-01,2026-01-01,CV10 7DJ,22469.0,51
RQW,THE PRINCESS ALEXANDRA HOSPITAL NHS TRUST,East of England,Unknown ICB,1837010.66,224960.0,14852.0,82,2019-04-01,2026-01-01,CM20 1QX,22403.0,52
RBN,MERSEY AND WEST LANCASHIRE TEACHING HOSPITALS NHS TRUST,North West,Unknown ICB,1810123.27,226076.0,13791.0,82,2019-04-01,2026-01-01,L35 5DR,22075.0,53
RAS,Unknown Trust,London,Unknown ICB,1797307.04,202800.0,16823.0,82,2019-04-01,2026-01-01,KT22 8SD,21918.0,54
RNN,Unknown Trust,Midlands,Unknown ICB,1780513.76,214650.0,14542.0,76,2019-10-01,2026-01-01,NN1 5BD,23428.0,55
RRF,Unknown Trust,North West,Unknown ICB,1725765.47,219330.0,12513.0,82,2019-04-01,2026-01-01,WA9 3DA,21046.0,56
RJ6,CROYDON HEALTH SERVICES NHS TRUST,London,Unknown ICB,1717349.84,222904.0,14085.0,82,2019-04-01,2026-01-01,CR7 7YE,20943.0,57
RFF,Unknown Trust,Midlands,Unknown ICB,1709256.54,185682.0,17472.0,82,2019-04-01,2026-01-01,NG5 1PB,20845.0,58
RVW,Unknown Trust,North East & Yorkshire,Unknown ICB,1660264.45,199674.0,14417.0,82,2019-04-01,2026-01-01,NE29 8NH,20247.0,59
RA7,Unknown Trust,South West,Unknown ICB,1627842.55,200682.0,13394.0,82,2019-04-01,2026-01-01,BS16 1EW,19852.0,60
RWW,Unknown Trust,South East,Unknown ICB,1618934.17,207690.0,11347.0,82,2019-04-01,2026-01-01,RG1 5AN,19743.0,61
RTE,Somerset Partnership NHS Foundation Trust (legacy),South West,Unknown ICB,1618214.55,201736.0,13403.0,81,2019-04-01,2026-01-01,TA6 4QA,19978.0,62
RFR,Unknown Trust,North East & Yorkshire,Unknown ICB,1613248.68,202690.0,12065.0,82,2019-04-01,2026-01-01,DN2 5LT,19674.0,63
RGR,Unknown Trust,East of England,Unknown ICB,1579144.71,201100.0,11403.0,76,2019-04-01,2026-01-01,SS2 5XX,20778.0,64
RCF,Unknown Trust,North East & Yorkshire,Unknown ICB,1552001.08,193854.0,11815.0,82,2019-04-01,2026-01-01,LS29 6AS,18927.0,65
RP5,Unknown Trust,South West,Unknown ICB,1548303.09,197246.0,11625.0,82,2019-04-01,2026-01-01,DT1 2JY,18882.0,66
RMP,Unknown Trust,North West,Unknown ICB,1513016.85,190940.0,11106.0,82,2019-04-01,2026-01-01,SK10 3BL,18451.0,67
RAE,Unknown Trust,North East & Yorkshire,Unknown ICB,1438067.6,160600.0,15089.0,82,2019-04-01,2026-01-01,LS9 7TF,17537.0,68
RD8,Unknown Trust,East of England,Unknown ICB,1432431.67,186136.0,9922.0,82,2019-04-01,2026-01-01,MK18 1QS,17469.0,69
RGP,Unknown Trust,South East,Unknown ICB,1427397.77,177876.0,11148.0,82,2019-04-01,2026-01-01,GU51 4AW,17407.0,70
RJE,UNIVERSITY HOSPITALS OF NORTH MIDLANDS NHS TRUST,Midlands,Unknown ICB,1396045.52,160566.0,13360.0,82,2019-04-01,2026-01-01,ST4 6QG,17025.0,71
RBK,WALSALL HEALTHCARE NHS TRUST,Midlands,Unknown ICB,1373649.2,175140.0,9788.0,82,2019-04-01,2026-01-01,WS2 9PS,16752.0,72
RLQ,WYE VALLEY NHS TRUST,Midlands,Unknown ICB,1357479.42,171510.0,9911.0,82,2019-04-01,2026-01-01,HR1 2ER,16555.0,73
RJC,Unknown Trust,London,Unknown ICB,1270410.92,161270.0,9086.0,82,2019-04-01,2026-01-01,KT6 7QU,15493.0,74
RHU,PORTSMOUTH HOSPITALS UNIVERSITY NHS TRUST,South East,Unknown ICB,1255652.26,163540.0,8833.0,82,2019-04-01,2026-01-01,PO6 3LY,15313.0,75
RXC,EAST SUSSEX HEALTHCARE NHS TRUST,South East,Unknown ICB,1226562.65,155026.0,8777.0,82,2019-04-01,2026-01-01,TN37 7PT,14958.0,76
RNZ,Unknown Trust,South East,Unknown ICB,1225772.92,152384.0,9434.0,82,2019-04-01,2026-01-01,SO16 6YD,14948.0,77
RA2,Unknown Trust,South East,Unknown ICB,1222783.44,155860.0,8774.0,82,2019-04-01,2026-01-01,GU2 7XX,14912.0,78
RAP,NORTH MIDDLESEX UNIVERSITY HOSPITAL NHS TRUST,London,Unknown ICB,1199281.95,149476.0,9405.0,69,2019-04-01,2024-12-01,N18 1QX,17381.0,79
RWG,WEST HERTFORDSHIRE TEACHING HOSPITALS NHS TRUST,London,Unknown ICB,1077442.86,136292.0,7795.0,82,2019-04-01,2026-01-01,WD18 0HB,13140.0,80
RR7,North West Boroughs Healthcare NHS Foundation Trust,North West,Unknown ICB,1071043.35,117390.0,10720.0,82,2019-04-01,2026-01-01,WA9 3DA,13062.0,81
RKE,WHITTINGTON HEALTH NHS TRUST,London,Unknown ICB,1057438.08,135380.0,7574.0,82,2019-04-01,2026-01-01,N19 5NF,12896.0,82
RWE,UNIVERSITY HOSPITALS OF LEICESTER NHS TRUST,Midlands,Unknown ICB,1029355.4,110500.0,11904.0,82,2019-04-01,2026-01-01,LE1 5WW,12553.0,83
RHW,Unknown Trust,South East,Unknown ICB,1009017.95,119548.0,9447.0,82,2019-04-01,2026-01-01,RG1 5AN,12305.0,84
RM3,Unknown Trust,London,Unknown ICB,986535.75,108772.0,9573.0,61,2019-06-01,2026-01-01,NW3 2PF,16173.0,85
RTP,SURREY AND SUSSEX HEALTHCARE NHS TRUST,South East,Unknown ICB,969282.78,121330.0,7280.0,82,2019-04-01,2026-01-01,RH1 5RH,11821.0,86
RCB,Unknown Trust,North East & Yorkshire,Unknown ICB,888739.08,109734.0,7535.0,82,2019-04-01,2026-01-01,HU3 2JZ,10838.0,87
R1D,SHROPSHIRE COMMUNITY HEALTH NHS TRUST,North East & Yorkshire,Unknown ICB,827089.19,104080.0,5914.0,68,2019-04-01,2026-01-01,SY2 6FG,12163.0,88
RA4,Unknown Trust,South East,Unknown ICB,748957.53,97972.0,5296.0,48,2019-04-01,2023-03-01,ME8 9SS,15603.0,89
RYR,Unknown Trust,South East,Unknown ICB,693525.57,86216.0,5847.0,82,2019-04-01,2026-01-01,BN11 2DH,8458.0,90
RTR,Unknown Trust,Midlands,Unknown ICB,669837.35,71088.0,7192.0,82,2019-04-01,2026-01-01,DY1 2HQ,8169.0,91
RXF,MID YORKSHIRE TEACHING NHS TRUST,North East & Yorkshire,Unknown ICB,620921.13,69770.0,5839.0,82,2019-04-01,2026-01-01,WF1 4DG,7572.0,92
RPY,Unknown Trust,London,Unknown ICB,609065.58,63796.0,6379.6,77,2019-04-01,2026-01-01,SW15 5PN,7910.0,93
REP,Unknown Trust,Midlands,Unknown ICB,569620.18,69220.0,4458.0,58,2020-09-01,2026-01-01,B23 6AL,9821.0,94
R0B,South Tyneside and Sunderland NHS Foundation Trust,North East & Yorkshire,Unknown ICB,543121.0599999999,62474.0,5401.0,82,2019-04-01,2026-01-01,SR4 7TP,6623.0,95
RBL,Unknown Trust,North West,Unknown ICB,525487.53,66024.0,4829.0,82,2019-04-01,2026-01-01,CH41 0DJ,6408.0,96
RN3,Unknown Trust,South East,Unknown ICB,479699.22,60894.0,3425.0,82,2019-04-01,2026-01-01,GU9 9QS,5850.0,97
RXH,BRIGHTON AND SUSSEX UNIVERSITY HOSPITALS NHS TRUST,South East,Unknown ICB,437649.74,55294.0,3473.0,24,2019-04-01,2021-03-01,BN2 5BE,18235.0,98
RNU,Unknown Trust,North East & Yorkshire,Unknown ICB,432647.94,54250.0,3421.0,82,2019-04-01,2026-01-01,BD5 0NA,5276.0,99
RQ3,Unknown Trust,Midlands,Unknown ICB,399279.74,50736.0,3634.0,74,2019-04-01,2025-05-01,B75 7RR,5396.0,100
RFS,Unknown Trust,North East & Yorkshire,Unknown ICB,382136.1,47158.0,3314.0,82,2019-04-01,2026-01-01,S25 4AB,4660.0,101
RHM,Unknown Trust,South East,Unknown ICB,373726.29,45930.0,2918.0,82,2019-04-01,2026-01-01,SO16 6YD,4558.0,102
RWD,UNITED LINCOLNSHIRE TEACHING HOSPITALS NHS TRUST,Midlands,Unknown ICB,350805.05,39504.0,3702.0,65,2019-04-01,2026-01-01,LN2 5QY,5397.0,103
RXP,Unknown Trust,North East & Yorkshire,Unknown ICB,323578.9,36950.0,3695.0,62,2019-04-01,2026-01-01,DH1 5TW,5219.0,104
RQ8,MID ESSEX HOSPITAL SERVICES NHS TRUST,East of England,Unknown ICB,273656.94,31530.0,3069.0,12,2019-04-01,2020-03-01,CM1 7ET,22805.0,105
RT3,Royal Brompton and Harefield NHS Foundation Trust,London,Unknown ICB,241615.53,26644.0,2718.0,22,2019-04-01,2021-01-01,SW3 6NP,10983.0,106
RNA,Unknown Trust,North West,Unknown ICB,236419.85,24870.0,2487.0,82,2019-04-01,2026-01-01,CW1 4QJ,2883.0,107
RW6,PENNINE ACUTE HOSPITALS NHS TRUST,North West,Unknown ICB,223880.43,25074.0,2240.0,30,2019-04-01,2021-09-01,M8 5RB,7463.0,108
RWF,MAIDSTONE AND TUNBRIDGE WELLS NHS TRUST,South East,Unknown ICB,199642.13,26300.0,1315.0,81,2019-04-01,2026-01-01,ME16 9QQ,2465.0,109
REN,Unknown Trust,North East & Yorkshire,Unknown ICB,197130.08,22610.0,1785.0,80,2019-04-01,2026-01-01,YO31 8HE,2464.0,110
RVY,SOUTHPORT AND ORMSKIRK HOSPITAL NHS TRUST,North West,Unknown ICB,183213.9,23510.0,1401.0,41,2019-10-01,2023-06-01,PR8 6PN,4469.0,111
RBV,Unknown Trust,North West,Unknown ICB,182436.44999999998,24080.0,1204.0,64,2019-05-01,2024-08-01,CH2 1BR,2851.0,112
RAX,Unknown Trust,London,Unknown ICB,180972.5,18950.0,1895.0,40,2021-03-01,2026-01-01,KT2 7QB,4524.0,113
RBA,Unknown Trust,South West,Unknown ICB,166592.77,21600.0,1083.0,12,2019-04-01,2020-03-01,TA1 5DA,13883.0,114
RA9,Unknown Trust,South East,Unknown ICB,159375.71,17510.0,1558.0,79,2019-04-01,2026-01-01,TN23 3AJ,2017.0,115
RGT,Unknown Trust,London,Unknown ICB,154140.51,16446.0,2534.2,82,2019-04-01,2026-01-01,WC1E 6AU,1880.0,116
RC1,BEDFORD HOSPITAL NHS TRUST,South East,Unknown ICB,153594.45,19486.0,1129.0,12,2019-04-01,2020-03-01,MK42 9DJ,12800.0,117
RQ6,ROYAL LIVERPOOL AND BROADGREEN UNIVERSITY HOSPITALS NHS TRUST,North West,Unknown ICB,148962.82,19048.0,1207.8,6,2019-04-01,2019-09-01,L7 8XP,24827.0,118
RBS,Unknown Trust,South West,Unknown ICB,109105.46,11586.0,1160.0,81,2019-04-01,2026-01-01,BS13 7FH,1347.0,119
RP4,Great Ormond Street Hospital for Children NHS Foundation Trust,London,Unknown ICB,106297.25,11153.1,1115.3,70,2019-04-01,2026-01-01,WC1N 3JH,1519.0,120
RNL,NORTH CUMBRIA UNIVERSITY HOSPITALS NHS TRUST,North West,Unknown ICB,100664.8,12680.0,989.0,6,2019-04-01,2019-09-01,CA2 7HY,16777.0,121
RCD,Unknown Trust,North East & Yorkshire,Unknown ICB,99859.63,10596.0,1086.0,73,2019-04-01,2026-01-01,DH8 8NT,1368.0,122
R1L,Essex Partnership University NHS Foundation Trust,East of England,Unknown ICB,97102.46,10220.0,1010.0,69,2019-05-01,2026-01-01,CM1 1LT,1407.0,123
RBQ,Unknown Trust,North West,Unknown ICB,88916.68,11080.0,706.0,64,2019-07-01,2025-12-01,L9 7AL,1389.0,124
RJ8,Cornwall Partnership NHS Foundation Trust,South West,Unknown ICB,71881.52,9210.0,504.0,65,2020-04-01,2026-01-01,TR1 3LQ,1106.0,125
RF4,"BARKING, HAVERING AND REDBRIDGE UNIVERSITY HOSPITALS NHS TRUST",London,Unknown ICB,70225.81999999999,8860.0,513.0,76,2019-08-01,2026-01-01,RM7 0AG,924.0,126
RL1,Unknown Trust,Midlands,Unknown ICB,67852.25,7200.0,727.0,78,2019-05-01,2026-01-01,B18 7QH,870.0,127
RN5,Unknown Trust,South East,Unknown ICB,59009.47,6260.0,626.0,79,2019-04-01,2026-01-01,RG2 7ET,747.0,128
RXQ,BUCKINGHAMSHIRE HEALTHCARE NHS TRUST,South East,Unknown ICB,57595.56,6958.0,527.0,82,2019-04-01,2026-01-01,HP7 0JD,702.0,129
RD1,Unknown Trust,South East,Unknown ICB,49497.65,5198.0,551.0,75,2019-05-01,2026-01-01,RG7 1AQ,660.0,130
RDD,Unknown Trust,North West,Unknown ICB,42505.15,5452.0,337.0,10,2019-04-01,2020-03-01,CH65 4LS,4251.0,131
TAJ,"Tees, Esk and Wear Valleys NHS Foundation Trust",North East & Yorkshire,Unknown ICB,37458.259999999995,4840.0,253.0,46,2019-04-01,2025-04-01,DL3 6HX,814.0,132
RK5,Unknown Trust,London,Unknown ICB,35416.18,3710.0,371.0,66,2019-09-01,2026-01-01,KT18 7EG,537.0,133
R1F,ISLE OF WIGHT NHS TRUST,South East,Unknown ICB,33000.38,3480.0,345.0,53,2019-06-01,2026-01-01,PO30 5TG,623.0,134
RRJ,The Royal Orthopaedic Hospital NHS Foundation Trust,Midlands,Unknown ICB,31153.79,3610.0,273.0,62,2019-07-01,2025-10-01,B31 2AP,502.0,135
RBD,Unknown Trust,Midlands,Unknown ICB,29389.2,3108.0,534.0,79,2019-04-01,2026-01-01,NG17 4JL,372.0,136
RVV,Unknown Trust,South East,Unknown ICB,29012.42,3308.0,392.0,60,2019-05-01,2026-01-01,CT1 3NG,484.0,137
RYW,Birmingham Women's and Children's NHS Foundation Trust,Midlands,Unknown ICB,28978.98,3074.0,302.0,60,2019-04-01,2025-09-01,B15 2TG,483.0,138
RH8,Unknown Trust,South East,Unknown ICB,25795.07,2793.0,408.0,56,2019-07-01,2026-01-01,GU11 3HS,461.0,139
RBT,Unknown Trust,London,Unknown ICB,23655.829999999998,3022.0,193.0,49,2019-04-01,2025-12-01,UB1 3HW,483.0,140
RY3,EAST OF ENGLAND COMMUNITY HEALTH AND CARE NHS TRUST,East of England,Unknown ICB,21776.12,2710.0,165.0,52,2020-07-01,2026-01-01,NR2 3TU,419.0,141
RTK,Unknown Trust,London,Unknown ICB,14539.88,1530.0,153.0,50,2019-05-01,2026-01-01,KT18 7EG,291.0,142
R1A,HEREFORDSHIRE AND WORCESTERSHIRE HEALTH AND CARE NHS TRUST,Midlands,Unknown ICB,13776.43,1640.0,116.0,29,2019-12-01,2026-01-01,WR5 1JR,475.0,143
R0D,University Hospitals Dorset NHS Foundation Trust,South West,Unknown ICB,13026.2,1364.0,170.0,47,2020-10-01,2026-01-01,BH15 2JB,277.0,144
RT5,LEICESTERSHIRE PARTNERSHIP NHS TRUST,Midlands,Unknown ICB,12532.34,1520.0,100.0,16,2019-04-01,2021-04-01,LE3 8RA,783.0,145
RWA,HULL UNIVERSITY TEACHING HOSPITALS NHS TRUST,North East & Yorkshire,Unknown ICB,11593.53,1370.0,321.0,32,2019-08-01,2025-07-01,HU3 2JZ,362.0,146
RW1,Bradford Teaching Hospitals NHS Foundation Trust,North East & Yorkshire,Unknown ICB,11456.15,1270.0,113.0,32,2019-04-01,2026-01-01,BD9 6RJ,358.0,147
RET,Somerset Partnership NHS Foundation Trust,South West,Unknown ICB,8017.469999999999,1036.0,62.0,26,2019-04-01,2026-01-01,TA6 4QA,308.0,148
RA3,WESTON AREA HEALTH NHS TRUST,South West,Unknown ICB,7918.75,1020.0,58.0,10,2019-04-01,2020-03-01,BS23 4TQ,792.0,149
R1J,GLOUCESTERSHIRE CARE SERVICES NHS TRUST,South West,Unknown ICB,6800.62,840.0,80.0,5,2019-04-01,2020-09-01,GL3 4AW,1360.0,150
RDZ,Unknown Trust,South West,Unknown ICB,5610.63,610.0,61.0,14,2019-04-01,2020-09-01,BH7 7DW,401.0,151
RDR,Sussex Community NHS Foundation Trust,South East,Unknown ICB,5150.5199999999995,660.0,37.0,22,2019-11-01,2026-01-01,BN2 3EW,234.0,152
RWH,EAST AND NORTH HERTFORDSHIRE TEACHING NHS TRUST,East of England,Unknown ICB,4870.5,510.0,51.0,19,2021-06-01,2026-01-01,SG1 4AB,256.0,153
RJN,EAST CHESHIRE NHS TRUST,North West,Unknown ICB,1814.5,190.0,19.0,8,2023-05-01,2025-12-01,SK10 3BL,227.0,154
RXE,"Rotherham, Doncaster and South Humber NHS Foundation Trust",North East & Yorkshire,Unknown ICB,1525.07,200.0,10.0,5,2022-06-01,2025-10-01,DN4 8QN,305.0,155
RT1,Cambridgeshire and Peterborough NHS Foundation Trust,East of England,Unknown ICB,1428.6799999999998,180.0,14.0,4,2019-06-01,2025-07-01,CB21 5EF,357.0,156
RW5,Northern Care Alliance NHS Foundation Trust,North West,Unknown ICB,1371.33,170.0,11.0,6,2019-04-01,2022-06-01,M6 8HD,229.0,157
RBZ,NORTHERN DEVON HEALTHCARE NHS TRUST,South West,Unknown ICB,1154.58,144.0,18.0,7,2019-12-01,2022-03-01,EX31 4JB,165.0,158
RV3,Central and North West London NHS Foundation Trust,London,Unknown ICB,1020.88,130.0,7.0,4,2020-10-01,2024-09-01,NW1 3AX,255.0,159
RAN,ROYAL NATIONAL ORTHOPAEDIC HOSPITAL NHS TRUST,London,Unknown ICB,955.0,100.0,10.0,5,2020-02-01,2025-02-01,HA7 4LP,191.0,160
RTQ,Sandwell and West Birmingham Hospitals NHS Trust,Midlands,Unknown ICB,925.3799999999999,120.0,6.0,3,2024-01-01,2024-03-01,B71 4HJ,308.0,161
R1C,SOLENT NHS TRUST,South East,Unknown ICB,859.5,90.0,9.0,4,2021-03-01,2024-03-01,SO19 8BR,215.0,162
RYV,CAMBRIDGESHIRE COMMUNITY SERVICES NHS TRUST,East of England,Unknown ICB,633.16,74.0,15.0,4,2021-05-01,2025-11-01,PE27 4LG,158.0,163
RP1,Gloucestershire Health and Care NHS Foundation Trust,South West,Unknown ICB,631.73,70.0,6.0,2,2024-02-01,2024-11-01,GL1 3NN,316.0,164
RXV,Greater Manchester Mental Health NHS Foundation Trust,North West,Unknown ICB,616.92,80.0,4.0,4,2019-05-01,2020-10-01,M25 3BL,154.0,165
RD3,Unknown Trust,North East & Yorkshire,Unknown ICB,544.35,60.0,6.0,2,2019-09-01,2019-12-01,DN15 7BH,272.0,166
RGM,Unknown Trust,East of England,Unknown ICB,308.46,40.0,2.0,2,2020-12-01,2021-06-01,CB23 8EE,154.0,167
RY9,HOUNSLOW AND RICHMOND COMMUNITY HEALTHCARE NHS TRUST,London,Unknown ICB,191.0,20.0,2.0,1,2025-11-01,2025-11-01,TW11 8HU,191.0,168
RWV,DEVON PARTNERSHIP NHS TRUST,South West,Unknown ICB,154.23,20.0,1.0,1,2025-04-01,2025-04-01,EX2 5AF,154.0,169
RXT,Birmingham and Solihull Mental Health NHS Foundation Trust,Midlands,Unknown ICB,154.23,20.0,1.0,1,2021-03-01,2021-03-01,B15 2FG,154.0,169
RT2,Pennine Care NHS Foundation Trust,North West,Unknown ICB,95.5,10.0,1.0,1,2025-11-01,2025-11-01,OL6 7SR,96.0,171
RCU,Sheffield Children's NHS Foundation Trust,North East & Yorkshire,Unknown ICB,95.5,10.0,1.0,1,2023-05-01,2023-05-01,S10 2TH,96.0,171
RAT,Unknown Trust,South East,Unknown ICB,95.5,10.0,5.0,1,2020-05-01,2020-05-01,TN24 0LZ,96.0,171
RRE,Sheffield Health and Social Care NHS Foundation Trust,North East & Yorkshire,Unknown ICB,64.94,8.0,4.0,1,2019-08-01,2019-08-01,S10 2JF,65.0,174
